{
  "threshold": 0.44999999999999996,
  "accuracy": 0.8530465949820788,
  "balanced_accuracy": 0.8362597120499039,
  "precision": 0.9141856392294221,
  "recall": 0.8758389261744967,
  "false_positive_rate": 0.2033195020746888,
  "false_negative_rate": 0.12416107382550336,
  "tp": 522,
  "tn": 192,
  "fp": 49,
  "fn": 74,
  "roc_auc": 0.9156270015873458,
  "test_rows": 837,
  "train_rows": 3345
}